{
    "hp": {
        "current": 10,
        "max": 10
    },
    "skills": {
        "hacking": 499,
        "strength": 1,
        "defense": 1,
        "dexterity": 1,
        "agility": 1,
        "charisma": 36,
        "intelligence": 0
    },
    "exp": {
        "hacking": 685926.5196953084,
        "strength": 0,
        "defense": 0,
        "dexterity": 0,
        "agility": 0,
        "charisma": 162.74931769038983,
        "intelligence": 0
    },
    "mults": {
        "hacking_chance": 1.478561480943657,
        "hacking_speed": 1.4711771074696032,
        "hacking_money": 2.31339551440164,
        "hacking_grow": 1.5239759646914623,
        "hacking": 2.172305641061476,
        "hacking_exp": 4.2158371362294575,
        "strength": 1.4020578875161451,
        "strength_exp": 1.6193768600811478,
        "defense": 1.2191807717531697,
        "defense_exp": 1.6193768600811478,
        "dexterity": 1.9432522320973766,
        "dexterity_exp": 1.6193768600811478,
        "agility": 1.2801398103408284,
        "agility_exp": 1.6193768600811478,
        "charisma": 3.862364684914042,
        "charisma_exp": 3.8865044641947546,
        "hacknet_node_money": 1.2191807717531697,
        "hacknet_node_purchase_cost": 0.8202229096526924,
        "hacknet_node_ram_cost": 0.8202229096526924,
        "hacknet_node_core_cost": 0.8202229096526924,
        "hacknet_node_level_cost": 0.8202229096526924,
        "company_rep": 3.3590502869111805,
        "faction_rep": 2.3133955144016394,
        "work_money": 1.6093186187141841,
        "crime_success": 1.2191807717531697,
        "crime_money": 1.2191807717531697,
        "bladeburner_max_stamina": 1,
        "bladeburner_stamina_gain": 1,
        "bladeburner_analysis": 1,
        "bladeburner_success_chance": 1
    },
    "city": "Aevum",
    "numPeopleKilled": 0,
    "money": 99300274.03070332,
    "location": "NWO",
    "totalPlaytime": 1570163200,
    "jobs": {
        "ECorp": "Software Engineering Intern",
        "MegaCorp": "Software Engineering Intern",
        "Blade Industries": "Software Engineering Intern",
        "NWO": "Software Engineering Intern",
        "Clarke Incorporated": "Software Engineering Intern",
        "OmniTek Incorporated": "Software Engineering Intern",
        "Four Sigma": "Software Engineering Intern",
        "KuaiGong International": "Software Engineering Intern"
    },
    "factions": [
        "Bachman & Associates",
        "The Black Hand",
        "NiteSec",
        "Aevum",
        "Sector-12",
        "CyberSec"
    ],
    "entropy": 0,
    "karma": 0,
    "playtimeSinceLastAug": 909400,
    "playtimeSinceLastBitnode": 632582000,
    "bitNodeN": 4,
    "currentWork": {
        "type": "COMPANY",
        "cyclesWorked": 685,
        "companyName": "NWO"
    },
    "factionsWithRep": [
        {
            "factionName": "Bachman & Associates",
            "rep": 1554.4577002838935
        },
        {
            "factionName": "The Black Hand",
            "rep": 908.3826032710559
        },
        {
            "factionName": "NiteSec",
            "rep": 1365.3673206330513
        },
        {
            "factionName": "Aevum",
            "rep": 79.96802277095172
        },
        {
            "factionName": "Sector-12",
            "rep": 226.46305878215136
        },
        {
            "factionName": "CyberSec",
            "rep": 1493.0305718250504
        }
    ]
}